1,12726036,rs142659885,C,G,AADACL4,nonsynonymous_SNV
1,12726174,rs138451476,C,T,AADACL4,stopgain
1,12726366,rs149204349,G,A,AADACL4,nonsynonymous_SNV
1,12785200,rs41279482,T,C,AADACL3,unknown
1,87369103,rs189422667,G,A,SEPT15,unknown
1,94463617,rs1800555,C,T,ABCA4,nonsynonymous_SNV
1,94467548,rs41292677,C,G,ABCA4,nonsynonymous_SNV
1,94471055,rs61750641,C,T,ABCA4,nonsynonymous_SNV
1,94473807,rs1800553,C,T,ABCA4,nonsynonymous_SNV
1,94476377,rs1800552,C,T,ABCA4,nonsynonymous_SNV
1,94480146,rs61753029,T,C,ABCA4,nonsynonymous_SNV
1,94485257,rs61750563,C,T,ABCA4,nonsynonymous_SNV
1,94487404,rs113106943,C,T,ABCA4,nonsynonymous_SNV
1,94487490,rs1762111,A,G,ABCA4,nonsynonymous_SNV
1,94490525,.,G,C,ABCA4,nonsynonymous_SNV
1,94502906,rs146786552,C,T,ABCA4,nonsynonymous_SNV
1,94517254,rs76157638,C,G,ABCA4,nonsynonymous_SNV
1,94543268,rs140482171,C,T,ABCA4,nonsynonymous_SNV
1,94543389,rs1800548,C,T,ABCA4,nonsynonymous_SNV
1,94564544,rs61748535,C,T,ABCA4,nonsynonymous_SNV
1,94568627,rs61748532,C,T,ABCA4,nonsynonymous_SNV
1,94568675,rs62646863,T,C,ABCA4,nonsynonymous_SNV
1,94574204,.,C,T,ABCA4,nonsynonymous_SNV
1,94574258,rs201150919,T,A,ABCA4,nonsynonymous_SNV
1,220953552,.,C,G,MARC2,nonsynonymous_SNV
1,220960545,.,G,T,MARC1,nonsynonymous_SNV
2,69706137,.,T,C,AAK1,nonsynonymous_SNV
2,69757792,.,T,C,AAK1,nonsynonymous_SNV
2,110332292,rs56280142,C,T,SEPT10,nonsynonymous_SNV
2,110343382,rs199941021,C,T,SEPT10,nonsynonymous_SNV
2,160604480,.,T,C,MARCH7,nonsynonymous_SNV
2,160604568,rs75755472,A,G,MARCH7,nonsynonymous_SNV
2,160605255,.,G,A,MARCH7,nonsynonymous_SNV
2,215813807,rs150196545,T,C,ABCA12,nonsynonymous_SNV
2,215815807,rs145031776,C,A,ABCA12,nonsynonymous_SNV
2,215818614,rs138995566,C,T,ABCA12,nonsynonymous_SNV
2,215821412,rs145980660,C,T,ABCA12,nonsynonymous_SNV
2,215835070,rs114258385,C,T,ABCA12,nonsynonymous_SNV
2,215862442,.,CA,C,ABCA12,stopgain
2,215868978,rs146002078,C,G,ABCA12,nonsynonymous_SNV
2,215882749,rs148979792,G,T,ABCA12,nonsynonymous_SNV
2,215917233,rs149399707,G,A,ABCA12,nonsynonymous_SNV
2,215919352,.,G,C,ABCA12,nonsynonymous_SNV
2,219129763,.,G,C,AAMP,nonsynonymous_SNV
2,242277095,.,C,A,SEPT2,nonsynonymous_SNV
3,137843333,rs113881039,G,A,A4GNT,stopgain
3,151474954,rs35709499,C,T,AADACL2,nonsynonymous_SNV
3,151475326,rs370936803,C,T,AADACL2,nonsynonymous_SNV
3,151535289,.,C,G,AADAC,nonsynonymous_SNV
3,151545958,rs61733692,T,C,AADAC,stoploss
4,57204945,rs115571683,A,G,AASDH,nonsynonymous_SNV
4,57220249,.,TCTGA,T,AASDH,frameshift_deletion
4,57220347,rs150873866,T,C,AASDH,nonsynonymous_SNV
4,57244314,rs73240543,C,A,AASDH,nonsynonymous_SNV
4,57244443,.,G,T,AASDH,nonsynonymous_SNV
4,57250310,.,G,C,AASDH,nonsynonymous_SNV
5,10411635,rs146197042,A,C,MARCH6,nonsynonymous_SNV
5,132097207,rs138928263,C,T,SEPT8,nonsynonymous_SNV
5,132097292,.,C,T,SEPT8,nonsynonymous_SNV
6,44268337,rs150039184,C,A,AARS2,nonsynonymous_SNV
6,44272485,rs79962181,C,G,AARS2,nonsynonymous_SNV
6,44272513,rs142094090,C,T,AARS2,nonsynonymous_SNV
6,44272836,rs146512155,C,G,AARS2,nonsynonymous_SNV
7,48237840,rs374725499,T,C,ABCA13,nonsynonymous_SNV
7,48278997,.,C,CGGTA,ABCA13,stopgain
7,48311803,rs117711958,G,T,ABCA13,nonsynonymous_SNV
7,48312200,rs200327749,G,C,ABCA13,nonsynonymous_SNV
7,48312723,rs181907450,T,G,ABCA13,nonsynonymous_SNV
7,48313854,rs190625179,G,A,ABCA13,nonsynonymous_SNV
7,48314151,rs142391487,C,G,ABCA13,nonsynonymous_SNV
7,48314160,.,C,A,ABCA13,nonsynonymous_SNV
7,48314389,rs193007433,T,C,ABCA13,nonsynonymous_SNV
7,48314760,rs371671347,C,T,ABCA13,nonsynonymous_SNV
7,48318242,rs79834369,G,A,ABCA13,nonsynonymous_SNV
7,48318419,rs191015288,A,G,ABCA13,nonsynonymous_SNV
7,48318533,rs181375961,A,C,ABCA13,nonsynonymous_SNV
7,48318614,rs190991016,T,G,ABCA13,nonsynonymous_SNV
7,48337984,rs117649711,T,A,C,ABCA13,nonsynonymous_SNV
7,48375017,.,A,C,ABCA13,splicing
7,48411772,rs74589125,G,A,ABCA13,nonsynonymous_SNV
7,48411787,rs78147863,A,C,ABCA13,nonsynonymous_SNV
7,48431706,.,C,T,ABCA13,nonsynonymous_SNV
7,48443317,.,A,G,ABCA13,nonsynonymous_SNV
7,48443366,.,G,A,ABCA13,nonsynonymous_SNV
7,48451950,rs201706499,C,T,ABCA13,nonsynonymous_SNV
7,48547481,rs76060602,C,T,ABCA13,nonsynonymous_SNV
7,48556328,rs78734445,A,G,ABCA13,nonsynonymous_SNV
7,48563977,rs185678311,C,T,ABCA13,nonsynonymous_SNV
7,48563987,rs201872941,A,T,ABCA13,nonsynonymous_SNV
7,48626765,rs75519473,A,G,ABCA13,nonsynonymous_SNV
7,55886829,.,C,G,SEPT14,nonsynonymous_SNV
7,55902239,rs190406908,G,A,SEPT14,nonsynonymous_SNV
7,55910730,.,C,G,SEPT14,nonsynonymous_SNV
7,55912345,rs185819537,T,C,SEPT14,nonsynonymous_SNV
7,55914251,rs146350220,C,G,SEPT14,nonsynonymous_SNV
7,121719730,rs147414883,A,T,AASS,nonsynonymous_SNV
7,121719735,rs139513373,G,A,AASS,nonsynonymous_SNV
7,121733130,.,T,C,AASS,nonsynonymous_SNV
7,121733190,rs74882337,G,A,AASS,nonsynonymous_SNV
9,99404115,rs142681714,T,C,AAED1,nonsynonymous_SNV
9,107546652,rs144588452,C,T,ABCA1,nonsynonymous_SNV
9,107550316,rs199604917,C,T,ABCA1,nonsynonymous_SNV
9,107554263,rs142688906,C,T,ABCA1,nonsynonymous_SNV
9,107556776,rs146292819,T,G,ABCA1,nonsynonymous_SNV
9,107578608,rs148328750,T,C,ABCA1,nonsynonymous_SNV
9,107589238,rs138880920,C,G,ABCA1,nonsynonymous_SNV
9,107589390,.,C,A,ABCA1,nonsynonymous_SNV
9,107599376,rs9282543,A,G,ABCA1,nonsynonymous_SNV
9,139902968,.,C,T,ABCA2,nonsynonymous_SNV
9,139904313,rs374618311,C,T,ABCA2,nonsynonymous_SNV
9,139905468,.,G,A,ABCA2,nonsynonymous_SNV
9,139906423,.,A,G,ABCA2,nonsynonymous_SNV
9,139906990,rs149871834,C,T,ABCA2,nonsynonymous_SNV
9,139907481,rs140986944,C,T,ABCA2,nonsynonymous_SNV
9,139908376,.,C,T,ABCA2,nonsynonymous_SNV
9,139908464,rs147917446,C,A,ABCA2,nonsynonymous_SNV
9,139912632,.,T,G,ABCA2,nonsynonymous_SNV
9,139913683,.,G,A,ABCA2,nonsynonymous_SNV
9,139914819,rs140319041,G,A,ABCA2,nonsynonymous_SNV
9,139916016,rs199537832,G,A,ABCA2,nonsynonymous_SNV
9,139923311,.,G,C,ABCA2,nonsynonymous_SNV
10,45959724,.,G,A,MARCH8,nonsynonymous_SNV
10,45959762,rs41301623,G,A,MARCH8,nonsynonymous_SNV
10,52595978,rs143123872,A,G,A1CF,nonsynonymous_SNV
12,8975873,rs79149293,C,G,A2ML1,nonsynonymous_SNV
12,8976358,rs199701571,C,G,A2ML1,nonsynonymous_SNV
12,8988132,rs375832865,G,A,A2ML1,stopgain
12,8990957,.,C,T,A2ML1,nonsynonymous_SNV
12,9020954,rs202067416,G,A,A2ML1,splicing
12,9225428,.,C,T,A2M,nonsynonymous_SNV
12,9231867,rs202210880,C,T,A2M,nonsynonymous_SNV
12,9256862,.,A,T,A2M,nonsynonymous_SNV
12,53703432,.,T,C,AAAS,nonsynonymous_SNV
12,58150754,rs371683750,T,A,MARCH9,nonsynonymous_SNV
12,58152351,rs138740542,A,C,MARCH9,nonsynonymous_SNV
12,125587298,.,A,G,AACS,nonsynonymous_SNV
15,67496458,rs372325047,T,A,AAGAB,nonsynonymous_SNV
15,67528778,rs186662479,A,T,AAGAB,nonsynonymous_SNV
15,67528838,.,G,A,AAGAB,nonsynonymous_SNV
16,2326788,.,T,C,ABCA3,nonsynonymous_SNV
16,2329071,rs146709251,G,A,ABCA3,nonsynonymous_SNV
16,2334866,.,G,A,ABCA3,nonsynonymous_SNV
16,2334978,.,C,T,ABCA3,nonsynonymous_SNV
16,2335553,rs139516979,C,T,ABCA3,nonsynonymous_SNV
16,2347330,.,C,T,ABCA3,nonsynonymous_SNV
16,2347532,.,T,C,ABCA3,nonsynonymous_SNV
16,2350115,rs141621969,G,T,ABCA3,nonsynonymous_SNV
16,2353972,rs150543946,T,A,ABCA3,nonsynonymous_SNV
16,2369592,rs117603931,C,T,ABCA3,nonsynonymous_SNV
16,2369617,rs201299260,G,A,ABCA3,nonsynonymous_SNV
16,2374406,rs145483014,G,A,ABCA3,nonsynonymous_SNV
16,8862087,rs149271402,T,C,ABAT,nonsynonymous_SNV
16,30390417,rs142100728,T,C,SEPT1,nonsynonymous_SNV
16,30390818,rs137903946,A,C,SEPT1,nonsynonymous_SNV
16,30393434,.,C,T,SEPT1,nonsynonymous_SNV
16,70286740,rs149377346,C,T,AARS,nonsynonymous_SNV
16,70287883,rs147319762,T,C,AARS,nonsynonymous_SNV
16,70295047,rs148355156,G,A,AARS,nonsynonymous_SNV
16,70304215,rs141840552,G,A,AARS,nonsynonymous_SNV
16,70310483,rs370622071,G,C,AARS,nonsynonymous_SNV
17,35310387,.,A,C,AATF,nonsynonymous_SNV
17,35311114,rs115760333,G,T,AATF,nonsynonymous_SNV
17,41103871,rs144615663,C,G,AARSD1,nonsynonymous_SNV
17,41106905,rs150010039,A,G,AARSD1,nonsynonymous_SNV
17,41108441,rs201740875,C,A,AARSD1,nonsynonymous_SNV
17,56604185,rs202073845,T,C,SEPT4,nonsynonymous_SNV
17,60813799,rs144292228,A,G,MARCH10,nonsynonymous_SNV
17,60814250,rs199777243,C,G,MARCH10,nonsynonymous_SNV
17,67146149,rs141260911,G,A,ABCA10,nonsynonymous_SNV
17,67146188,rs145861761,C,T,ABCA10,nonsynonymous_SNV
17,67151207,rs72853603,C,A,ABCA10,nonsynonymous_SNV
17,67170902,.,T,G,ABCA10,nonsynonymous_SNV
17,67178296,rs202012056,G,C,ABCA10,nonsynonymous_SNV
17,67187340,rs138284687,A,G,ABCA10,nonsynonymous_SNV
17,67210856,rs150115601,C,T,ABCA10,nonsynonymous_SNV
17,67210909,.,G,GA,ABCA10,frameshift_insertion
17,67210986,rs138635717,G,A,ABCA10,nonsynonymous_SNV
17,67212390,rs146540010,A,G,ABCA10,nonsynonymous_SNV
17,67249944,.,G,C,ABCA5,nonsynonymous_SNV
17,67249997,rs200810054,G,A,ABCA5,nonsynonymous_SNV
17,67252413,rs146451743,G,A,ABCA5,nonsynonymous_SNV
17,67257355,rs144376773,C,T,ABCA5,nonsynonymous_SNV
17,74464961,rs148593961,G,A,AANAT,nonsynonymous_SNV
17,75471869,.,G,T,SEPT9,nonsynonymous_SNV
17,79094294,rs200251873,G,A,AATK,nonsynonymous_SNV
17,79094384,.,G,A,AATK,stopgain
17,79094672,rs201369084,C,T,AATK,nonsynonymous_SNV
17,79094816,.,C,T,AATK,nonsynonymous_SNV
17,79094836,rs200848510,G,A,AATK,nonsynonymous_SNV
17,79095701,.,G,A,AATK,nonsynonymous_SNV
17,79095841,rs200822708,G,T,AATK,nonsynonymous_SNV
17,79096100,rs62073020,C,G,AATK,nonsynonymous_SNV
17,79102346,.,T,G,AATK,nonsynonymous_SNV
17,79104986,rs200256250,C,G,AATK,nonsynonymous_SNV
19,58861808,rs145144275,A,G,A1BG,nonsynonymous_SNV
19,58863674,rs201878184,G,T,A1BG,nonsynonymous_SNV
19,58863799,.,C,T,A1BG,nonsynonymous_SNV
20,34827932,rs111591742,G,T,AAR2,nonsynonymous_SNV
20,34828011,.,G,A,AAR2,nonsynonymous_SNV
20,34832709,rs147679615,G,A,AAR2,nonsynonymous_SNV
20,34843605,rs141340897,G,A,AAR2,nonsynonymous_SNV
22,43089858,rs186054814,C,T,A4GALT,nonsynonymous_SNV